start axis,final axis,start ecc,final ecc
2.476012703832577,2.474274893590608,0.05260313909635932,0.050291779157767585
2.5309120698283674,2.5260481154229466,0.14946902918517546,0.15550494340250182
